<?xml version="1.0" encoding="UTF-8"?>
<addon id="plugin.video.artemediathekbeta"
       name="Arte Mediathek Beta" version="1.0.3"
       provider-name="sarbes,MhhhxX">
    <requires>
        <import addon="xbmc.python" version="2.25.0"/>
		<import addon="script.module.libartebeta" version="1.0.3"/>
    </requires>
    <extension point="xbmc.python.pluginsource" library="default.py">
        <provides>video</provides>
    </extension>
    <extension point="xbmc.addon.metadata">
        <platform>all</platform>
		<language>de</language>
		<license>GNU GENERAL PUBLIC LICENSE. Version 2, June 1991</license>
    </extension>
</addon>
