<?xml version="1.0" encoding="UTF-8" standalone="yes"?>
<addon id="script.module.libartebeta"
	     name="libartebeta"
	     version="1.0.6"
	     provider-name="sarbes,MhhhxX">
  <requires>
    <import addon="xbmc.python" version="2.25.0" />
    <import addon="script.module.libmediathek3beta" version="1.5.4"/>
  </requires>
  <extension point="xbmc.python.module" library="lib" />
  <extension point="xbmc.addon.metadata">
    <platform>all</platform>
    <summary lang="en">This is a scraper for http://arte.tv.</summary>
    <description lang="en">This is a scraper for http://arte.tv.</description>
  </extension>
</addon>
