<?xml version="1.0" encoding="UTF-8" standalone="yes"?>
<addon id="repository.arte-beta" name="Arte Beta" version="0.0.1" provider-name="MhhhxX">
	<extension point="xbmc.addon.repository" name="Arte Beta">
		<info compressed="false">https://github.com/MhhhxX/repository.arte-beta/raw/master/addons.xml</info>
		<checksum>https://github.com/MhhhxX/repository.arte-beta/raw/master/addons.xml.md5</checksum>
		<datadir zip="true">https://github.com/MhhhxX/repository.arte-beta/raw/master/</datadir>
	</extension>
	<extension point="xbmc.addon.metadata">
		<summary>Install Arte Mediathek beta</summary>
		<description>Repository for Arte Mediathek Beta</description>
		<platform>all</platform>
	</extension>
</addon>

